MonthlyIncome,Age,CreditScore,LoanAmountRequested,LoanTermMonths,EmploymentStatus,MaritalStatus,NumDependents,LoanApproved
4732,58,472,11572,50,Self-Employed,Divorced,1,0
4607,40,540,13194,24,Self-Employed,Single,4,0
3653,20,667,16230,27,Self-Employed,Divorced,0,1
5264,56,498,6093,40,Employed,Divorced,1,1
6931,22,562,14775,37,Self-Employed,Single,0,0
6859,53,732,14420,34,Unemployed,Married,4,0
7827,32,693,6681,39,Unemployed,Married,3,1
9527,35,840,7127,25,Employed,Married,0,0
3033,53,377,15936,45,Unemployed,Married,3,0
9891,43,693,18865,26,Self-Employed,Divorced,1,1
6373,32,769,10016,20,Unemployed,Single,4,1
7874,25,821,12784,16,Employed,Single,3,1
7924,58,410,14731,58,Self-Employed,Married,0,1
8743,21,464,8772,33,Self-Employed,Single,2,1
9238,30,584,7416,57,Employed,Single,1,1
9640,26,800,6183,40,Unemployed,Single,1,0
8744,26,364,17742,34,Self-Employed,Divorced,3,0
5468,58,441,15239,26,Unemployed,Single,1,1
8458,58,535,12987,12,Self-Employed,Single,4,1
2705,31,814,5097,49,Employed,Married,1,0
9654,41,721,16439,21,Unemployed,Divorced,4,1
4599,22,387,16531,45,Employed,Divorced,1,0
4135,32,815,6895,52,Employed,Single,4,1
4222,49,411,14534,52,Self-Employed,Single,0,1
9768,29,790,12816,19,Employed,Divorced,0,1
4897,28,328,15430,38,Unemployed,Single,1,0
3701,25,609,12299,41,Self-Employed,Single,1,1
2537,21,669,18239,29,Self-Employed,Married,1,0
4893,35,659,11251,22,Employed,Divorced,4,0
8216,32,497,19134,55,Self-Employed,Married,2,1
8921,32,840,15983,45,Employed,Married,1,0
8036,41,427,13361,13,Self-Employed,Married,1,1
4163,38,471,10430,50,Unemployed,Divorced,3,1
7072,45,383,9377,31,Employed,Single,1,0
6851,33,362,8949,41,Unemployed,Married,2,1
9877,50,502,15630,18,Unemployed,Single,0,1
4046,48,519,5071,17,Unemployed,Married,3,0
3871,41,466,8816,16,Self-Employed,Single,3,0
9599,26,331,14151,14,Unemployed,Married,3,0
4496,56,682,10469,52,Unemployed,Single,0,0
8994,46,321,13958,52,Self-Employed,Single,4,1
2099,50,792,9037,28,Self-Employed,Married,4,1
4008,25,671,14766,19,Employed,Single,0,0
9345,35,655,6987,52,Self-Employed,Married,3,0
2755,57,469,6287,36,Self-Employed,Married,2,0
2797,57,550,5370,35,Employed,Divorced,0,1
2659,51,553,10015,34,Employed,Married,3,0
5219,52,579,8288,53,Employed,Single,3,0
9054,36,422,9082,18,Unemployed,Single,1,1
2423,52,537,18085,26,Self-Employed,Divorced,0,1
9456,30,336,10427,51,Self-Employed,Divorced,4,1
5337,32,812,14912,36,Employed,Married,3,1
4745,49,367,14515,43,Employed,Single,4,0
6735,20,587,12073,32,Self-Employed,Divorced,4,1
2544,49,316,15958,30,Employed,Single,1,0
8687,46,582,7922,47,Self-Employed,Divorced,1,0
2714,59,562,17714,44,Self-Employed,Single,0,0
4292,42,533,12888,32,Self-Employed,Single,0,0
2151,39,785,9335,36,Employed,Divorced,3,0
4723,25,567,19325,44,Self-Employed,Single,2,0
8654,56,637,16393,39,Unemployed,Married,3,0
5531,39,599,11709,56,Self-Employed,Married,4,0
4930,56,623,18760,48,Employed,Single,0,1
3207,25,832,15995,30,Self-Employed,Married,0,1
8172,48,775,14599,34,Unemployed,Single,0,0
2802,32,811,14272,46,Self-Employed,Married,0,0
4176,46,776,10263,43,Unemployed,Divorced,2,0
4176,39,570,5336,30,Unemployed,Single,3,0
3956,32,570,17488,26,Self-Employed,Single,0,0
9221,58,380,9457,19,Employed,Married,2,1
8021,27,783,14876,23,Self-Employed,Divorced,1,0
5622,36,747,19013,22,Unemployed,Single,2,1
5560,49,673,17479,50,Self-Employed,Divorced,0,1
2756,20,343,6451,53,Self-Employed,Single,0,1
6369,43,455,9505,34,Employed,Married,2,0
8479,35,658,5128,12,Unemployed,Married,0,0
6484,30,835,11267,46,Employed,Divorced,0,0
3641,23,590,19641,29,Employed,Married,2,1
5114,23,588,7471,54,Self-Employed,Divorced,3,1
7562,36,578,5386,18,Self-Employed,Married,4,1
8687,29,741,6222,15,Unemployed,Divorced,3,0
6984,40,642,7947,52,Unemployed,Married,2,1
6353,57,573,17062,39,Unemployed,Divorced,0,0
7441,37,774,13973,24,Unemployed,Married,3,0
6071,29,525,19100,51,Employed,Divorced,2,1
6009,35,642,5884,33,Unemployed,Single,2,1
4105,58,550,12499,37,Unemployed,Divorced,1,0
8435,34,841,19981,12,Self-Employed,Married,0,0
5942,53,439,13048,55,Employed,Married,1,1
5191,24,458,5656,46,Unemployed,Single,4,1
8923,36,627,19797,13,Employed,Married,2,1
2430,56,342,6214,55,Self-Employed,Single,2,0
9250,27,627,12560,49,Employed,Divorced,0,0
6187,43,792,13219,58,Employed,Married,1,1
8016,47,418,9998,55,Unemployed,Single,1,0
4446,27,639,19700,37,Employed,Single,0,1
4659,42,325,17022,35,Unemployed,Married,1,0
3589,54,473,9650,54,Self-Employed,Single,0,1
4956,50,677,7692,16,Unemployed,Single,1,1
4681,36,790,12144,19,Self-Employed,Divorced,0,1
6180,47,431,8817,41,Self-Employed,Divorced,4,1
4251,31,549,13591,13,Unemployed,Divorced,0,0
6420,43,849,6980,35,Unemployed,Single,0,1
6870,34,461,12717,35,Employed,Married,1,0
9108,59,744,9614,36,Unemployed,Divorced,1,0
3071,50,819,17019,37,Self-Employed,Married,0,0
6735,46,465,17893,17,Employed,Divorced,0,1
8132,54,654,7874,34,Unemployed,Single,1,0
7251,37,572,19191,28,Employed,Divorced,2,1
7068,55,788,6945,43,Employed,Married,3,1
9012,27,467,6612,12,Self-Employed,Single,4,0
3204,57,845,19400,15,Self-Employed,Married,0,0
8120,24,501,18246,45,Self-Employed,Single,1,1
5918,33,387,9146,43,Unemployed,Married,3,0
3167,57,624,5177,18,Self-Employed,Divorced,0,0
3684,39,580,6436,12,Employed,Single,1,0
5299,28,306,14210,20,Self-Employed,Married,1,0
9098,52,670,7497,36,Employed,Single,2,1
8935,37,516,8692,18,Self-Employed,Married,0,0
4767,25,361,17016,23,Employed,Married,3,0
4957,56,487,14266,16,Unemployed,Single,4,0
6469,21,803,7439,49,Employed,Divorced,2,1
7973,49,758,15216,19,Employed,Single,4,0
2560,25,539,17058,37,Unemployed,Divorced,0,1
7425,36,328,15557,54,Unemployed,Married,3,1
3605,58,452,7736,17,Self-Employed,Single,3,1
8313,42,687,9590,49,Self-Employed,Single,3,0
7795,50,766,6174,16,Unemployed,Divorced,1,1
3472,39,562,5782,54,Unemployed,Divorced,3,1
9263,24,384,13511,24,Unemployed,Single,1,1
9365,40,577,18791,28,Self-Employed,Single,3,0
5678,30,583,6877,17,Self-Employed,Married,4,0
2256,23,748,9660,25,Unemployed,Single,4,1
8001,42,666,5391,23,Unemployed,Single,3,0
5762,57,687,8108,34,Employed,Single,3,0
7412,49,307,16728,54,Unemployed,Married,1,0
3954,37,676,12878,51,Self-Employed,Divorced,1,0
2816,50,636,16498,12,Self-Employed,Single,1,1
4435,49,759,7452,36,Unemployed,Single,0,0
3634,53,686,7598,39,Self-Employed,Married,1,1
9722,50,610,11532,42,Unemployed,Single,1,0
2973,57,817,19480,36,Employed,Divorced,0,1
6464,44,381,14954,40,Self-Employed,Married,3,1
4023,36,533,16448,36,Self-Employed,Married,2,1
4965,55,410,5251,42,Unemployed,Single,0,1
2201,59,330,18167,58,Unemployed,Single,1,0
4431,49,428,13974,44,Self-Employed,Divorced,0,0
7632,21,600,18295,58,Unemployed,Married,4,1
8026,43,536,9839,47,Self-Employed,Married,4,0
4418,28,554,16391,34,Employed,Married,3,0
6651,20,300,11159,59,Employed,Married,1,1
7050,43,713,12640,20,Self-Employed,Married,4,1
5455,57,528,13846,15,Unemployed,Divorced,0,0
8167,46,487,11026,48,Self-Employed,Divorced,1,1
7819,45,321,9854,26,Unemployed,Divorced,3,0
6226,45,363,12428,48,Self-Employed,Married,1,1
8521,26,804,17884,29,Employed,Divorced,1,1
8242,44,338,18417,31,Employed,Married,0,1
9742,35,443,5564,36,Employed,Divorced,1,0
2931,57,829,16979,36,Employed,Single,0,0
8878,37,536,16516,47,Self-Employed,Single,0,1
8267,36,706,8893,13,Employed,Married,1,1
3987,25,761,14693,24,Unemployed,Divorced,3,0
8738,39,475,5835,32,Employed,Single,3,0
8062,42,567,15484,19,Unemployed,Married,2,1
4787,31,798,15028,34,Employed,Single,4,0
9316,31,347,14434,56,Unemployed,Single,1,0
6305,53,797,8452,27,Employed,Married,1,0
4610,27,554,17507,44,Self-Employed,Single,0,0
7531,46,674,14986,45,Employed,Single,3,0
8926,27,728,7236,25,Employed,Married,1,1
9209,52,628,15306,13,Self-Employed,Married,3,1
9226,56,692,7557,15,Employed,Married,2,0
8849,38,500,11679,51,Self-Employed,Single,1,0
9204,43,792,18037,48,Unemployed,Divorced,0,0
8922,41,318,11172,50,Unemployed,Married,3,1
6182,22,302,19585,39,Self-Employed,Divorced,4,0
9211,28,497,19191,46,Self-Employed,Divorced,3,1
6968,30,521,17219,57,Self-Employed,Single,3,1
4059,25,805,8649,50,Self-Employed,Married,4,1
8914,58,529,6092,59,Self-Employed,Single,3,0
2307,58,662,10156,37,Employed,Married,2,0
7200,56,457,19161,28,Employed,Married,1,1
8176,21,455,14240,21,Self-Employed,Divorced,1,1
7302,56,742,17139,37,Employed,Single,1,0
3152,25,695,16596,12,Self-Employed,Divorced,3,0
8950,25,605,17578,27,Unemployed,Single,4,1
2275,58,628,12509,28,Self-Employed,Divorced,3,0
7294,55,644,11130,54,Self-Employed,Married,1,1
7674,44,815,12743,48,Unemployed,Married,4,1
7491,35,311,15185,19,Self-Employed,Married,1,1
3208,40,734,6316,35,Unemployed,Single,1,0
4492,29,431,13043,52,Unemployed,Married,2,1
4536,24,810,11569,50,Unemployed,Single,2,0
9757,44,457,17550,57,Self-Employed,Divorced,3,1
8430,50,367,7961,49,Unemployed,Divorced,2,0
7400,22,503,11431,49,Unemployed,Divorced,4,1
2637,39,675,13698,16,Self-Employed,Married,0,0
2770,23,379,14842,46,Unemployed,Single,4,1
9683,33,601,19575,34,Self-Employed,Married,1,1
2094,31,379,10100,42,Self-Employed,Married,1,1
5298,33,525,5178,45,Self-Employed,Married,2,0
7995,56,311,13976,39,Self-Employed,Single,1,0
9437,37,803,12964,19,Employed,Single,0,0
8000,46,433,8199,25,Unemployed,Married,3,1
4344,26,486,13651,37,Self-Employed,Married,3,1
7448,54,615,5160,49,Unemployed,Single,4,0
5091,41,844,15086,43,Unemployed,Married,3,0
6703,40,471,9569,48,Employed,Single,2,0
5912,37,616,9646,59,Employed,Divorced,2,1
3434,57,585,19621,51,Employed,Divorced,1,0
8594,45,550,18907,20,Unemployed,Married,2,0
7368,41,455,13524,30,Unemployed,Single,2,1
2180,56,329,15130,32,Self-Employed,Single,3,1
4371,24,426,14280,37,Unemployed,Married,0,1
9148,54,372,15665,51,Employed,Married,1,0
9997,31,375,6174,41,Unemployed,Single,4,1
5854,54,397,19865,14,Employed,Divorced,3,1
9428,53,506,17970,52,Employed,Married,1,1
6845,39,567,15244,29,Employed,Single,3,0
4187,31,758,11276,52,Employed,Divorced,2,0
7116,53,332,6426,51,Employed,Married,4,1
4646,45,340,15949,45,Employed,Divorced,4,1
5533,53,498,15254,15,Employed,Divorced,0,1
4937,51,586,5010,38,Unemployed,Married,1,0
3645,26,423,13498,59,Unemployed,Single,4,0
6939,45,591,10085,36,Self-Employed,Single,3,0
8840,44,768,7771,42,Self-Employed,Single,1,1
3552,58,457,16042,13,Self-Employed,Divorced,2,0
5224,36,511,5003,54,Employed,Divorced,0,0
7021,43,660,12176,30,Unemployed,Divorced,2,0
4197,46,390,12130,19,Unemployed,Married,4,1
3134,23,838,6618,55,Unemployed,Married,2,0
2025,46,523,12748,17,Self-Employed,Married,3,1
3488,49,501,15887,52,Employed,Divorced,3,1
2956,22,348,11506,49,Unemployed,Married,1,0
3913,25,675,12517,31,Self-Employed,Married,0,1
4934,27,618,8107,46,Self-Employed,Divorced,0,0
7237,35,593,18358,33,Unemployed,Divorced,3,0
3469,34,305,19787,48,Unemployed,Divorced,2,1
7715,55,355,9666,36,Unemployed,Single,2,1
4721,59,776,9739,42,Unemployed,Married,1,1
3896,27,730,7246,13,Unemployed,Married,4,1
2928,58,338,12234,12,Self-Employed,Divorced,4,0
9396,49,564,16237,36,Unemployed,Divorced,1,1
7627,31,493,17952,57,Self-Employed,Single,4,1
4811,23,622,6719,59,Self-Employed,Married,3,1
8265,33,362,11587,16,Unemployed,Divorced,0,0
7446,44,316,10795,12,Unemployed,Single,0,1
2469,24,489,10379,48,Self-Employed,Married,4,1
4335,42,494,8058,32,Unemployed,Divorced,4,1
2525,49,567,7882,16,Self-Employed,Married,4,1
3863,58,715,10630,17,Unemployed,Single,0,1
3720,31,694,19704,26,Employed,Married,4,0
7272,34,320,5583,34,Unemployed,Single,2,1
2591,38,400,8082,27,Unemployed,Divorced,2,1
8185,45,352,15349,31,Employed,Single,3,1
4322,23,755,10311,24,Employed,Divorced,1,1
9720,57,570,12547,51,Unemployed,Single,3,1
5510,27,332,15352,44,Unemployed,Married,0,0
2207,49,707,10497,42,Employed,Divorced,2,0
8923,34,420,13197,32,Self-Employed,Single,1,1
6262,31,365,12464,32,Employed,Married,2,1
8255,29,375,13628,17,Unemployed,Married,4,0
5421,31,808,19251,22,Employed,Single,0,1
6089,36,336,8521,36,Employed,Married,1,1
7249,59,362,18190,23,Unemployed,Divorced,3,1
8879,21,753,5389,33,Employed,Married,0,0
3910,38,742,13424,18,Self-Employed,Married,3,0
4860,48,830,6610,13,Employed,Single,3,1
2216,20,684,17935,25,Employed,Divorced,3,1
9549,41,301,15013,27,Employed,Single,4,0
2024,44,412,13530,59,Employed,Divorced,3,0
6163,29,407,17335,55,Self-Employed,Divorced,2,1
5026,28,449,7492,33,Unemployed,Married,1,0
7103,38,569,11463,15,Unemployed,Married,1,0
9939,31,367,11779,41,Unemployed,Married,0,1
4282,48,701,19786,21,Unemployed,Married,2,1
3740,37,561,13489,36,Unemployed,Single,3,1
8118,35,326,10661,48,Unemployed,Single,2,0
6387,23,711,18408,32,Unemployed,Divorced,3,0
7846,44,825,16825,49,Self-Employed,Married,3,1
7118,41,732,7748,58,Employed,Divorced,1,0
8845,48,358,9916,31,Employed,Single,4,1
5781,41,317,9633,52,Unemployed,Married,0,1
4775,34,514,5659,15,Unemployed,Married,1,0
4603,21,520,13032,49,Employed,Married,3,0
8176,32,505,14461,15,Employed,Single,0,0
9179,31,691,13795,32,Employed,Divorced,3,1
7736,45,582,8226,50,Self-Employed,Married,1,0
8356,59,573,12736,42,Unemployed,Married,3,1
3162,31,731,12480,45,Unemployed,Divorced,0,1
7814,46,425,8868,37,Unemployed,Divorced,3,1
6075,54,648,8031,53,Self-Employed,Divorced,1,1
7541,21,805,13658,56,Employed,Married,3,1
9805,36,306,5961,34,Unemployed,Married,0,1
9836,21,804,11741,49,Employed,Married,2,0
2623,36,326,8362,14,Unemployed,Divorced,2,1
9656,53,393,18185,39,Employed,Married,4,0
2770,53,733,13797,58,Self-Employed,Single,4,1
7659,58,832,10869,49,Unemployed,Married,1,0
6051,28,777,7018,40,Unemployed,Divorced,3,0
3241,33,740,19606,47,Employed,Single,3,1
4711,39,739,17522,59,Unemployed,Divorced,3,1
2821,52,451,14758,45,Self-Employed,Married,1,0
6403,43,703,15121,37,Employed,Single,1,0
3198,24,755,15678,22,Unemployed,Married,3,1
7268,51,350,8867,51,Employed,Divorced,0,0
4997,42,714,5391,20,Employed,Married,1,1
7661,20,849,13140,29,Unemployed,Married,4,0
9747,57,359,12517,37,Employed,Divorced,0,0
4595,51,774,8748,19,Employed,Divorced,2,1
2807,35,745,9262,41,Employed,Married,3,0
5465,39,645,13284,51,Self-Employed,Divorced,4,1
4121,35,503,18909,53,Self-Employed,Married,4,0
6393,32,331,11359,32,Self-Employed,Married,4,0
9063,30,384,14637,45,Unemployed,Single,4,1
5886,36,390,8988,22,Employed,Married,3,0
2730,26,339,5781,24,Unemployed,Married,4,0
8066,41,478,9205,59,Unemployed,Divorced,4,0
9020,50,594,14896,14,Self-Employed,Single,0,0
3795,23,679,8561,44,Self-Employed,Single,1,0
3823,36,427,19646,36,Employed,Single,2,0
8921,20,507,16390,17,Unemployed,Married,3,0
5466,21,313,18761,31,Unemployed,Single,2,0
5611,52,463,9154,12,Employed,Single,2,1
6525,38,786,15343,29,Self-Employed,Divorced,1,0
2199,38,695,18164,35,Self-Employed,Divorced,3,1
3447,42,659,14289,58,Self-Employed,Married,0,1
7181,35,631,7609,32,Self-Employed,Married,1,0
4389,35,720,9369,48,Employed,Married,4,0
6961,48,382,13497,48,Employed,Divorced,4,0
5116,27,503,14305,24,Employed,Single,2,1
4850,47,462,19807,56,Employed,Single,0,1
3954,44,380,8001,48,Employed,Single,2,1
7208,44,840,16240,27,Self-Employed,Divorced,4,0
8177,32,693,17537,49,Self-Employed,Divorced,3,0
8789,33,308,17403,36,Unemployed,Divorced,1,0
8376,38,445,9810,57,Self-Employed,Divorced,0,1
6863,34,536,7906,32,Unemployed,Single,1,0
8180,34,520,12437,19,Self-Employed,Single,1,0
3792,40,650,15527,58,Self-Employed,Divorced,2,0
3483,27,423,16388,35,Employed,Divorced,4,0
8434,47,401,9961,32,Self-Employed,Single,0,1
2197,35,679,7541,17,Unemployed,Married,1,1
2894,43,359,11401,19,Employed,Married,0,1
8069,31,486,10600,48,Employed,Divorced,0,0
7374,33,574,19507,59,Self-Employed,Divorced,4,1
9248,49,824,15935,21,Employed,Married,1,0
7566,51,583,5838,17,Unemployed,Divorced,0,1
2136,38,822,8362,37,Unemployed,Married,0,1
4237,24,583,18278,45,Unemployed,Single,1,1
8273,48,812,11702,32,Unemployed,Single,1,0
4257,21,307,11490,12,Employed,Divorced,1,0
3392,43,367,14702,45,Unemployed,Married,2,0
8435,36,672,13849,31,Unemployed,Divorced,1,0
7496,46,811,10388,21,Unemployed,Divorced,4,0
5419,22,720,14588,14,Self-Employed,Single,0,0
2168,37,728,14127,28,Self-Employed,Married,2,1
8004,40,811,11000,35,Employed,Married,1,1
4852,58,500,9023,37,Unemployed,Divorced,3,0
6272,20,466,11809,54,Employed,Single,2,1
3561,26,368,13508,28,Self-Employed,Married,2,0
6419,42,391,5998,29,Self-Employed,Married,2,1
2508,35,628,18470,52,Employed,Divorced,2,0
8947,30,650,15473,29,Self-Employed,Single,0,1
5186,54,440,19063,49,Unemployed,Married,0,1
7918,58,532,12268,53,Self-Employed,Single,2,0
7149,41,828,12782,50,Unemployed,Divorced,3,1
3777,54,561,19826,24,Self-Employed,Divorced,1,1
5361,52,739,12895,18,Self-Employed,Married,2,0
2146,55,578,11735,59,Employed,Single,2,1
7393,59,657,17710,36,Self-Employed,Married,1,0
6317,47,835,17246,45,Employed,Married,0,0
8484,30,551,10383,26,Unemployed,Single,2,0
6605,24,487,15789,17,Employed,Divorced,2,1
4562,37,334,19578,21,Self-Employed,Single,2,0
8213,23,690,10954,49,Unemployed,Single,2,0
7477,57,644,19413,50,Employed,Married,1,0
2908,50,317,6300,23,Employed,Divorced,0,1
6652,43,300,16054,37,Employed,Divorced,3,1
6981,49,758,13669,28,Employed,Married,1,1
4813,58,304,5288,31,Self-Employed,Married,3,1
7442,50,822,19132,35,Unemployed,Divorced,3,0
5695,31,540,15679,21,Employed,Married,1,0
8235,22,825,8475,54,Employed,Single,0,0
5413,49,575,11124,53,Employed,Single,0,0
2423,27,341,8052,53,Self-Employed,Married,0,1
5623,29,504,19776,51,Self-Employed,Single,1,1
5734,43,728,8606,38,Employed,Married,1,1
5486,20,351,5086,54,Employed,Divorced,4,1
5729,37,407,7540,23,Unemployed,Married,1,0
8854,41,444,11373,19,Unemployed,Divorced,4,1
2967,50,804,11716,39,Self-Employed,Married,3,1
6370,46,826,11818,44,Employed,Married,1,0
2860,35,414,13765,42,Self-Employed,Single,4,0
8187,37,432,14142,34,Employed,Single,0,0
7203,30,603,6062,41,Unemployed,Single,3,1
2433,37,554,16989,44,Unemployed,Single,1,0
6905,23,759,10084,14,Self-Employed,Married,2,0
8237,59,660,13880,34,Self-Employed,Single,3,0
7294,29,794,9514,59,Self-Employed,Married,3,1
3429,49,572,16197,52,Unemployed,Married,4,0
6297,23,817,14921,59,Employed,Divorced,1,1
5929,27,466,16446,36,Employed,Married,4,0
4546,36,574,16117,26,Self-Employed,Single,3,0
8624,54,394,19574,14,Employed,Divorced,0,1
8107,24,764,5145,15,Employed,Divorced,1,0
2329,46,726,11708,45,Self-Employed,Divorced,1,0
5612,56,347,15530,54,Unemployed,Married,1,0
2209,26,577,17203,48,Self-Employed,Single,0,1
8761,52,355,13333,12,Self-Employed,Divorced,3,1
8074,37,630,9113,36,Self-Employed,Married,2,1
5968,57,408,8871,50,Employed,Married,3,1
9743,47,331,6557,24,Self-Employed,Divorced,0,1
3040,34,366,9322,27,Self-Employed,Single,4,1
8250,42,447,12789,38,Unemployed,Married,4,0
2164,51,459,16905,35,Unemployed,Divorced,2,1
2606,28,544,5943,41,Self-Employed,Married,4,1
9704,49,738,6190,28,Unemployed,Single,0,0
8772,48,422,17095,30,Self-Employed,Single,2,1
7311,51,787,6183,57,Unemployed,Single,0,1
3219,54,490,18148,45,Self-Employed,Single,1,0
3331,37,504,19438,15,Unemployed,Married,4,0
6232,48,380,16002,50,Employed,Single,1,0
2952,36,810,17402,19,Unemployed,Divorced,3,1
6955,28,434,14456,32,Unemployed,Single,1,0
5165,27,752,6860,36,Self-Employed,Single,4,1
8011,32,806,7469,14,Unemployed,Divorced,3,0
4798,52,717,9675,22,Unemployed,Single,4,0
7207,40,702,7069,46,Employed,Single,4,0
2160,31,434,7197,36,Self-Employed,Divorced,4,1
4195,49,430,16577,12,Employed,Single,0,1
6680,20,454,18274,18,Self-Employed,Married,4,0
8599,40,538,7370,25,Self-Employed,Married,3,1
3111,48,581,16996,50,Self-Employed,Single,3,1
5085,33,825,16055,37,Unemployed,Married,2,0
9482,57,357,14248,39,Self-Employed,Divorced,4,0
7713,59,593,9325,59,Employed,Married,0,1
7240,24,705,14889,17,Unemployed,Single,4,1
3908,32,407,14443,57,Self-Employed,Single,3,0
4999,57,804,11074,53,Self-Employed,Single,1,0
8976,24,325,10024,35,Unemployed,Single,4,0
4763,56,568,14831,36,Employed,Divorced,0,1
2732,36,373,18457,25,Employed,Single,3,0
7028,38,774,18193,33,Unemployed,Divorced,4,0
2281,57,444,7659,25,Unemployed,Divorced,2,0
6896,50,651,19252,14,Unemployed,Single,1,1
9594,55,529,11742,53,Unemployed,Married,3,1
5854,20,594,11405,13,Unemployed,Married,2,1
6566,29,476,8721,57,Self-Employed,Married,3,1
3308,53,818,11262,12,Employed,Single,1,1
9444,32,813,9417,26,Unemployed,Married,2,0
5396,26,667,11845,48,Self-Employed,Divorced,2,1
7654,56,491,9331,19,Unemployed,Married,1,1
7347,55,493,9229,21,Employed,Divorced,1,0
9034,58,577,15474,56,Employed,Married,1,0
2595,56,464,9292,16,Employed,Divorced,3,1
2647,50,640,15887,28,Employed,Married,3,0
6040,39,531,18238,28,Self-Employed,Married,0,1
2573,58,846,5019,28,Employed,Divorced,2,0
8797,55,541,15226,15,Unemployed,Married,2,1
7637,34,361,16059,52,Employed,Married,4,0
2256,49,628,7982,14,Self-Employed,Married,2,0
5208,37,618,13181,44,Employed,Single,0,1
5279,23,348,7807,18,Unemployed,Single,0,0
8607,49,743,13845,33,Self-Employed,Married,1,0
7259,47,599,13203,40,Self-Employed,Married,2,1
3028,23,804,14047,34,Unemployed,Single,0,1
8567,53,667,10478,39,Employed,Divorced,1,0
6444,47,455,13758,16,Employed,Married,0,1
4989,56,846,17875,16,Employed,Married,2,1
7402,41,725,7344,43,Employed,Divorced,2,1
2586,59,337,19325,14,Employed,Divorced,1,0
7940,30,306,17895,37,Employed,Divorced,2,1
7102,49,614,5515,42,Employed,Married,1,0
9601,49,303,13695,23,Self-Employed,Divorced,2,0
5291,44,375,12869,22,Employed,Divorced,4,0
4867,36,567,6154,14,Employed,Single,1,0
2739,20,713,6991,23,Employed,Divorced,4,1
6969,56,378,17546,24,Unemployed,Married,2,1
6882,54,582,17569,32,Employed,Married,3,0
5445,33,663,8886,21,Self-Employed,Single,2,1
7410,21,380,18701,47,Employed,Married,3,0
9731,22,463,15256,18,Self-Employed,Married,2,1
9838,22,694,10234,43,Unemployed,Single,1,0
2437,39,488,17424,39,Unemployed,Divorced,0,0
5898,32,399,5721,22,Self-Employed,Divorced,1,0
6011,50,454,14336,20,Self-Employed,Married,3,1
3847,59,635,16634,37,Unemployed,Single,2,0
3532,41,583,8676,49,Self-Employed,Divorced,2,1
3020,33,432,9686,27,Employed,Married,2,1
8930,46,658,8512,38,Unemployed,Divorced,0,1
2941,32,403,11662,17,Unemployed,Married,0,1
4903,20,541,13781,30,Self-Employed,Divorced,1,1
2449,21,737,17856,12,Employed,Divorced,1,0
5398,56,663,14987,48,Employed,Married,3,0
7610,30,834,6339,44,Unemployed,Divorced,0,0
5125,52,648,16878,49,Self-Employed,Married,4,1
2816,48,343,7415,30,Employed,Single,1,0
9262,22,306,16268,25,Employed,Divorced,4,1
4107,48,505,14216,31,Self-Employed,Single,1,0
8480,21,445,12883,14,Self-Employed,Married,4,1
3690,33,724,5934,59,Unemployed,Divorced,4,1
7756,39,778,8206,52,Employed,Divorced,1,0
6259,37,752,6907,53,Unemployed,Divorced,0,0
5642,56,430,18972,12,Unemployed,Single,1,1
2945,27,327,19840,50,Self-Employed,Divorced,0,1
7226,26,692,11854,12,Employed,Divorced,2,1
2201,29,507,9928,21,Self-Employed,Married,2,1
9468,35,515,5323,15,Self-Employed,Divorced,2,1
3805,38,458,16387,17,Unemployed,Divorced,2,0
9033,49,825,8141,29,Employed,Single,3,1
3862,38,474,13559,30,Self-Employed,Single,3,0
2550,22,473,5061,57,Unemployed,Divorced,1,1
5751,49,560,19631,23,Employed,Single,4,1
3672,37,672,10435,12,Self-Employed,Divorced,3,1
9181,55,363,5208,50,Employed,Divorced,3,0
4040,39,574,13665,56,Unemployed,Divorced,4,1
2903,36,784,13697,53,Unemployed,Divorced,3,1
7840,43,500,9062,29,Self-Employed,Divorced,4,1
9160,32,419,12371,56,Unemployed,Single,3,0
8678,55,614,12144,30,Unemployed,Married,2,0
2504,22,697,14152,18,Unemployed,Divorced,4,1
8105,40,824,9385,27,Employed,Divorced,2,0
7896,23,660,6305,51,Self-Employed,Divorced,1,1
5811,37,377,9788,12,Self-Employed,Divorced,4,0
9942,58,529,9784,49,Unemployed,Single,4,1
9377,30,409,15658,48,Unemployed,Divorced,0,0
3479,57,375,10748,19,Employed,Married,3,1
8612,47,792,10672,57,Self-Employed,Married,4,0
7593,24,738,5946,23,Employed,Divorced,0,0
7692,42,792,7750,16,Self-Employed,Divorced,0,1
6496,57,554,8371,18,Self-Employed,Divorced,0,1
5128,55,671,10751,50,Employed,Married,2,1
9026,50,414,19374,52,Employed,Single,0,1
5821,27,669,15387,18,Unemployed,Single,4,1
4711,44,311,12978,28,Self-Employed,Single,1,0
2280,44,571,11626,46,Unemployed,Married,3,1
3028,35,581,12910,28,Self-Employed,Married,2,0
4660,30,450,10269,44,Unemployed,Single,0,1
7100,39,408,13084,40,Unemployed,Divorced,0,1
4353,33,756,12514,48,Self-Employed,Divorced,2,1
4391,59,776,9515,44,Unemployed,Single,2,1
7662,57,403,13091,20,Employed,Single,4,1
9734,59,399,7691,33,Employed,Married,4,1
2153,38,714,8033,36,Unemployed,Married,1,0
5860,27,693,12036,28,Self-Employed,Married,4,1
9521,44,599,17679,33,Self-Employed,Single,4,0
4405,52,700,5516,22,Self-Employed,Single,2,0
4745,59,364,19389,44,Unemployed,Divorced,2,1
6503,56,435,9489,20,Employed,Married,3,1
9579,36,738,10060,49,Unemployed,Divorced,2,0
3053,46,631,11817,18,Employed,Divorced,2,0
4977,36,613,7993,38,Unemployed,Divorced,4,1
7491,52,569,16978,54,Unemployed,Married,4,1
5893,50,532,19231,39,Self-Employed,Single,2,1
4679,40,445,16232,57,Employed,Married,2,1
4995,43,470,16669,37,Unemployed,Married,3,0
6950,35,600,17380,32,Employed,Married,0,0
8646,39,526,8095,32,Unemployed,Divorced,2,0
6103,54,506,17400,25,Employed,Divorced,1,0
4665,47,343,19269,46,Unemployed,Divorced,3,1
5057,54,657,15242,16,Employed,Single,0,1
8281,37,562,16520,26,Self-Employed,Single,4,0
8838,43,421,6801,36,Employed,Single,2,1
5968,47,475,10959,13,Unemployed,Single,1,0
2851,33,472,13093,51,Employed,Married,4,1
3400,43,815,13341,55,Unemployed,Divorced,2,0
7028,50,693,6488,25,Self-Employed,Divorced,0,1
5793,25,423,5590,48,Self-Employed,Married,2,0
9316,59,807,7003,45,Unemployed,Married,2,1
9152,53,334,12717,24,Employed,Divorced,1,1
5331,54,778,8674,28,Unemployed,Divorced,3,1
2126,48,813,14292,17,Employed,Single,4,0
7930,21,594,18647,45,Employed,Single,4,1
2577,24,506,18011,43,Self-Employed,Married,2,0
7652,41,734,8218,20,Unemployed,Divorced,1,0
2804,28,441,8562,45,Employed,Divorced,3,0
7444,53,346,18890,12,Employed,Single,2,0
5024,55,646,18072,44,Employed,Single,4,1
2112,55,382,16256,43,Unemployed,Divorced,2,1
3967,45,818,5331,14,Unemployed,Married,0,1
2650,25,727,17259,54,Employed,Single,3,1
6333,21,813,9473,39,Employed,Divorced,2,1
3384,55,757,18641,28,Employed,Married,1,1
7086,27,774,12966,35,Self-Employed,Divorced,4,0
7979,21,476,10142,14,Self-Employed,Divorced,0,0
7675,21,701,7324,19,Employed,Divorced,1,0
2063,27,575,13809,49,Employed,Married,4,0
5999,45,554,19803,57,Self-Employed,Married,0,0
5988,56,447,18636,32,Employed,Divorced,4,1
4502,33,711,16630,12,Unemployed,Divorced,3,1
7385,47,565,10199,19,Unemployed,Married,2,0
5516,52,313,10537,37,Self-Employed,Divorced,4,1
6699,39,737,16200,36,Employed,Divorced,0,1
4671,54,626,14071,13,Unemployed,Married,3,0
7539,56,421,8405,47,Employed,Single,2,1
4387,36,599,14097,42,Self-Employed,Married,3,1
3868,23,689,12217,46,Employed,Single,1,1
7394,28,468,7794,40,Employed,Single,1,0
5441,39,544,16402,46,Employed,Married,2,0
4274,20,314,17657,33,Unemployed,Single,1,1
7345,40,769,13807,35,Unemployed,Divorced,2,0
3963,52,300,15786,29,Self-Employed,Married,1,0
7763,54,591,19247,17,Employed,Single,1,0
4956,25,698,19256,15,Employed,Single,1,1
9396,41,802,6324,37,Self-Employed,Married,2,0
5898,44,303,12916,33,Unemployed,Married,4,0
5969,22,624,13810,18,Unemployed,Divorced,4,1
8513,27,401,11401,31,Unemployed,Single,1,0
9296,31,788,15184,34,Employed,Married,4,1
6903,48,725,10376,35,Unemployed,Single,3,0
7144,51,413,15379,33,Self-Employed,Single,1,1
2698,21,701,7970,24,Unemployed,Single,3,0
2292,36,662,5478,34,Employed,Married,4,1
8499,38,793,19187,22,Employed,Divorced,2,1
2837,34,623,9010,26,Employed,Single,0,0
8278,41,583,5853,56,Employed,Married,2,0
6099,25,784,13047,53,Unemployed,Single,2,0
7346,53,344,14985,17,Unemployed,Divorced,4,0
9033,22,640,14722,51,Self-Employed,Single,2,0
6776,47,472,14148,22,Employed,Divorced,4,0
8588,39,381,13786,38,Unemployed,Married,0,0
7537,35,555,8548,38,Unemployed,Married,4,1
9452,27,649,12742,31,Employed,Married,3,0
8980,49,406,17171,58,Unemployed,Single,4,0
6122,55,460,12163,28,Unemployed,Divorced,3,0
2736,53,791,11833,13,Employed,Single,2,0
4296,36,510,12359,31,Self-Employed,Divorced,2,1
6461,44,713,18172,26,Self-Employed,Married,3,1
3971,25,664,5615,21,Self-Employed,Single,2,1
5273,39,354,12817,56,Self-Employed,Married,1,1
7557,37,325,14240,47,Self-Employed,Married,0,0
2197,52,461,11212,47,Unemployed,Divorced,4,0
7025,42,829,7842,20,Unemployed,Divorced,0,1
3671,53,797,8892,38,Unemployed,Divorced,2,1
4685,58,731,8179,52,Self-Employed,Single,0,0
2606,29,828,15806,57,Unemployed,Married,1,1
4120,25,362,15709,25,Self-Employed,Single,1,1
6342,32,386,8229,37,Unemployed,Divorced,4,1
8996,36,807,8969,56,Unemployed,Divorced,2,0
3159,37,465,14422,26,Employed,Divorced,2,0
3731,24,565,15496,25,Unemployed,Married,1,1
4261,45,388,7575,18,Self-Employed,Married,3,1
9643,34,681,8489,55,Employed,Divorced,0,1
9788,37,673,5672,20,Employed,Married,1,0
5395,49,706,5765,50,Unemployed,Married,0,1
8246,26,484,18043,26,Self-Employed,Single,4,1
4375,48,816,11885,58,Employed,Single,1,1
2595,30,376,5197,40,Unemployed,Divorced,4,1
7343,25,696,15142,41,Unemployed,Divorced,3,0
4304,56,450,12670,43,Employed,Married,3,0
5717,56,653,16369,42,Self-Employed,Single,2,0
5419,40,694,17975,20,Unemployed,Single,4,1
3131,42,498,14714,55,Unemployed,Divorced,1,1
9070,30,422,12738,14,Unemployed,Single,0,0
8089,50,316,9469,27,Self-Employed,Married,0,0
4003,34,711,12047,40,Self-Employed,Single,4,1
5591,21,594,11142,46,Unemployed,Single,1,1
5221,27,407,7974,49,Unemployed,Divorced,2,1
4021,25,384,14246,54,Self-Employed,Single,3,0
9644,35,725,11569,50,Unemployed,Divorced,3,1
7512,52,754,12176,49,Unemployed,Divorced,2,1
3707,43,413,19401,36,Self-Employed,Single,1,0
3582,34,659,8693,17,Employed,Divorced,0,0
2000,54,340,8541,26,Employed,Married,0,0
9528,49,394,16528,46,Unemployed,Divorced,0,1
2691,45,464,16513,23,Self-Employed,Divorced,1,1
7670,24,398,18037,28,Unemployed,Single,1,0
7209,20,427,10169,43,Unemployed,Single,4,1
5146,46,587,9468,24,Unemployed,Divorced,4,1
4547,40,426,19400,12,Employed,Divorced,2,0
4786,25,687,7651,46,Employed,Divorced,2,1
4683,44,620,19386,12,Unemployed,Married,0,1
2343,37,849,8248,28,Self-Employed,Single,1,1
9264,24,803,12641,16,Employed,Married,4,0
8995,52,312,11813,48,Self-Employed,Single,0,0
6378,37,759,9679,15,Self-Employed,Single,4,1
8862,28,632,6562,17,Self-Employed,Married,1,0
8176,29,670,14695,42,Unemployed,Married,1,1
5187,56,613,8470,54,Employed,Single,2,0
8598,51,449,16027,32,Self-Employed,Single,1,1
7985,50,824,10246,57,Unemployed,Married,1,1
6524,29,723,11280,27,Unemployed,Married,0,1
2827,55,739,8111,49,Unemployed,Single,1,0
3849,52,749,18213,53,Self-Employed,Married,3,0
8834,34,593,12447,40,Self-Employed,Divorced,0,0
4221,43,812,8917,39,Unemployed,Single,2,0
7865,52,436,13232,57,Employed,Married,0,1
5204,48,768,16393,45,Unemployed,Divorced,0,1
5513,53,353,5857,23,Self-Employed,Single,1,1
2093,28,510,18784,39,Employed,Single,0,0
9515,57,636,13990,46,Employed,Married,4,0
7521,22,692,6449,36,Employed,Divorced,3,1
4467,37,690,7896,25,Unemployed,Married,4,0
5778,35,711,6404,19,Employed,Married,2,0
2404,23,465,7878,36,Employed,Divorced,3,0
7037,41,719,8915,13,Self-Employed,Married,1,1
3209,49,650,19183,47,Unemployed,Single,3,0
7071,57,741,10959,30,Employed,Divorced,1,1
2375,42,601,10734,58,Employed,Married,0,1
9844,38,614,16733,52,Self-Employed,Married,1,0
5945,27,451,17248,13,Self-Employed,Married,2,0
4750,46,542,14509,54,Employed,Single,4,1
9684,24,764,11587,39,Employed,Single,3,1
2497,45,545,16940,27,Employed,Divorced,4,0
9666,46,830,13864,27,Employed,Divorced,4,1
9373,39,786,11985,53,Unemployed,Single,4,0
3438,34,687,5753,25,Employed,Divorced,4,0
7485,38,475,13959,18,Unemployed,Single,0,1
7975,52,746,11120,44,Unemployed,Single,2,0
2738,47,653,7960,40,Employed,Married,2,1
6515,56,324,16683,18,Employed,Divorced,1,1
8729,58,437,17675,26,Self-Employed,Married,1,1
5290,40,628,10671,43,Unemployed,Single,1,1
3975,23,499,5421,18,Unemployed,Divorced,2,0
3562,38,776,10626,45,Employed,Married,2,1
7494,33,597,12427,58,Employed,Single,2,1
7142,51,623,16688,38,Employed,Single,1,1
2460,53,427,19906,44,Employed,Married,0,0
8863,38,535,8555,58,Self-Employed,Married,4,1
9522,32,324,9611,43,Employed,Married,2,1
5674,47,730,9619,19,Self-Employed,Divorced,2,1
5123,59,844,6134,51,Employed,Divorced,3,0
9142,54,337,8582,13,Employed,Married,2,1
3838,27,528,18452,17,Unemployed,Married,4,0
9888,50,355,19176,49,Employed,Single,1,0
9741,36,847,15151,39,Unemployed,Divorced,3,1
3468,21,655,11962,50,Unemployed,Married,4,0
8959,44,365,7816,57,Employed,Divorced,0,1
8138,36,649,9662,35,Self-Employed,Divorced,4,1
8248,47,529,18366,24,Unemployed,Divorced,2,0
6736,57,655,12791,21,Employed,Single,1,1
5466,44,654,15071,41,Self-Employed,Married,4,0
6043,32,391,13903,41,Unemployed,Married,3,0
8029,24,362,6723,25,Unemployed,Married,4,0
6423,34,362,8393,35,Unemployed,Single,3,0
6702,30,797,5482,36,Unemployed,Single,3,0
7638,47,551,19093,21,Self-Employed,Single,4,1
9853,34,458,13120,16,Self-Employed,Married,3,0
9413,58,647,18342,49,Employed,Divorced,1,1
7534,33,351,12509,23,Unemployed,Single,2,1
7647,24,816,8665,34,Unemployed,Divorced,0,1
8313,42,559,13855,36,Unemployed,Single,4,1
8310,35,792,7979,49,Unemployed,Single,3,1
7429,49,400,14121,52,Unemployed,Single,2,1
4987,34,711,14094,52,Unemployed,Married,3,1
6690,45,600,15264,46,Self-Employed,Single,2,0
5463,31,556,10154,58,Unemployed,Married,4,1
5292,51,428,18928,45,Self-Employed,Single,3,1
4881,47,556,17729,25,Employed,Single,0,0
7801,42,396,5358,45,Self-Employed,Divorced,0,0
8978,40,329,9553,19,Employed,Single,4,1
9282,22,689,13856,24,Employed,Single,3,1
4908,45,369,6757,21,Self-Employed,Divorced,4,0
2334,20,586,14733,58,Self-Employed,Single,2,0
2741,51,316,18552,41,Unemployed,Married,4,0
3243,26,637,7992,24,Unemployed,Single,0,1
9414,38,503,7969,47,Employed,Married,1,0
2100,42,309,10572,46,Employed,Single,3,0
4463,45,376,10870,13,Self-Employed,Married,1,0
4269,33,531,11182,29,Employed,Single,0,0
7298,32,732,19720,55,Unemployed,Divorced,1,1
9676,57,711,7254,21,Self-Employed,Single,2,0
2174,39,453,8145,28,Unemployed,Married,1,0
2605,51,411,19564,15,Self-Employed,Single,4,1
9794,48,836,16759,53,Employed,Single,0,1
5745,39,334,11066,34,Employed,Single,3,1
6876,45,376,5028,59,Unemployed,Married,0,0
5808,49,487,6423,32,Employed,Married,4,0
3769,48,577,17994,36,Self-Employed,Single,0,1
2848,30,784,8108,45,Unemployed,Single,1,1
3090,40,797,5647,32,Unemployed,Single,1,1
7576,37,810,19289,33,Employed,Divorced,2,1
7107,20,664,10791,48,Employed,Divorced,4,1
4173,59,824,12339,56,Self-Employed,Single,4,1
3162,58,398,17329,24,Employed,Single,3,0
6720,54,579,18775,38,Unemployed,Single,3,1
8874,21,831,7844,14,Self-Employed,Single,3,0
3179,42,368,17670,34,Unemployed,Divorced,4,0
2696,42,501,13374,58,Unemployed,Married,2,0
9288,59,836,15036,31,Unemployed,Married,3,1
6417,48,775,11262,30,Employed,Married,1,0
4496,21,572,11826,46,Self-Employed,Single,3,0
4757,41,450,19072,43,Self-Employed,Divorced,3,1
5928,22,425,6439,15,Employed,Married,4,1
9458,52,328,17374,12,Employed,Divorced,0,0
6047,26,584,19905,39,Employed,Single,0,1
4051,58,433,11642,58,Employed,Single,1,1
8844,55,719,16287,34,Unemployed,Married,3,0
5310,56,779,18436,15,Unemployed,Single,1,1
9845,43,778,9932,44,Employed,Married,1,1
9339,38,561,7624,23,Unemployed,Divorced,3,0
3747,58,329,8985,36,Unemployed,Single,1,0
4904,45,391,19534,40,Employed,Married,1,0
9750,35,749,7116,52,Unemployed,Married,2,1
9828,47,617,16467,21,Employed,Single,1,1
2902,41,788,11112,14,Self-Employed,Divorced,0,1
5868,21,454,10328,26,Self-Employed,Divorced,2,0
6723,29,584,17162,22,Employed,Divorced,4,1
6998,37,723,16770,16,Unemployed,Single,3,0
6930,31,405,8495,21,Employed,Single,4,1
2604,20,409,13702,57,Self-Employed,Divorced,3,0
5686,23,677,12334,38,Self-Employed,Single,2,1
2869,56,560,10558,55,Employed,Divorced,4,0
5451,40,738,12932,20,Employed,Married,0,1
5781,39,684,6639,49,Employed,Married,1,0
7229,25,567,10117,52,Unemployed,Divorced,3,0
3353,40,479,14463,46,Employed,Single,4,0
2100,24,827,9224,56,Employed,Divorced,3,1
6790,36,797,18899,50,Unemployed,Single,1,1
2845,36,370,8500,39,Unemployed,Married,2,1
8037,25,395,18364,31,Self-Employed,Married,2,0
7627,52,302,18521,47,Self-Employed,Single,0,1
2671,42,808,12524,48,Employed,Divorced,0,1
5665,23,573,6385,22,Self-Employed,Single,2,0
5107,28,542,9783,30,Self-Employed,Divorced,3,0
2237,48,460,15949,16,Unemployed,Divorced,3,0
9411,30,525,16753,36,Unemployed,Married,3,1
8394,58,722,12728,27,Unemployed,Divorced,3,1
8536,48,560,12590,42,Self-Employed,Married,1,0
8910,51,635,15276,25,Unemployed,Married,2,0
3305,31,427,6412,28,Self-Employed,Single,4,1
2021,54,577,6787,52,Unemployed,Married,2,0
8573,47,671,6009,57,Self-Employed,Married,0,1
3253,27,402,19539,23,Unemployed,Married,3,0
8102,59,572,12207,46,Self-Employed,Divorced,2,0
2400,58,302,9317,29,Self-Employed,Single,3,0
7273,25,474,9843,18,Unemployed,Divorced,3,0
3006,29,410,17478,36,Unemployed,Married,1,1
5191,44,588,9781,41,Unemployed,Divorced,1,0
3701,32,531,15699,41,Employed,Married,3,0
7505,53,685,15026,14,Employed,Single,2,1
7509,34,592,7208,23,Unemployed,Married,4,1
3734,35,564,14089,58,Unemployed,Married,1,0
8540,24,300,9844,52,Employed,Married,4,0
5418,42,463,6199,29,Unemployed,Divorced,4,0
2586,22,326,8746,51,Unemployed,Married,3,1
9163,27,490,16562,21,Employed,Married,1,1
7046,28,559,10418,55,Self-Employed,Married,3,1
9246,25,559,17652,38,Employed,Married,1,0
2830,59,654,12370,32,Unemployed,Married,0,1
3608,35,416,13618,16,Unemployed,Married,2,0
8343,35,464,8836,54,Self-Employed,Divorced,0,1
9981,45,726,19056,14,Unemployed,Single,2,1
5205,42,666,16822,51,Unemployed,Single,2,0
9727,45,320,14191,31,Employed,Single,2,1
6795,45,533,12631,19,Employed,Single,1,0
7290,39,433,19957,43,Unemployed,Divorced,1,1
6547,49,383,8802,44,Unemployed,Married,2,1
8282,29,559,6641,16,Unemployed,Married,0,0
6850,31,451,6576,39,Unemployed,Divorced,4,1
3337,55,348,15860,36,Self-Employed,Single,2,1
5547,46,517,17656,54,Employed,Divorced,4,0
7465,59,816,19160,20,Employed,Divorced,0,0
2387,38,540,16691,56,Unemployed,Single,4,1
7245,28,504,16100,38,Unemployed,Divorced,1,0
4766,21,727,17736,50,Unemployed,Married,0,1
5922,55,538,10695,39,Employed,Divorced,1,0
3221,30,343,6068,46,Unemployed,Single,4,1
7818,30,812,7941,55,Unemployed,Single,3,1
3924,44,323,19978,24,Self-Employed,Single,0,1
9185,51,748,16798,59,Employed,Divorced,3,1
2709,47,302,12548,20,Self-Employed,Single,2,0
2447,33,568,11040,52,Unemployed,Married,3,1
2350,34,372,13019,57,Self-Employed,Single,1,1
2664,25,697,11093,44,Self-Employed,Married,1,0
5715,43,431,10511,12,Employed,Divorced,4,1
6421,59,530,16475,59,Self-Employed,Single,4,1
2424,57,754,19563,29,Unemployed,Single,2,1
6260,58,704,17597,24,Unemployed,Married,1,0
9738,31,302,5501,28,Unemployed,Divorced,0,0
3201,44,475,16582,23,Unemployed,Married,2,0
5511,37,811,18725,27,Employed,Divorced,3,1
4712,41,410,13916,40,Unemployed,Married,0,0
2673,50,554,8592,12,Employed,Married,2,1
3938,38,613,18258,58,Employed,Single,3,1
6558,45,589,5809,40,Employed,Married,0,1
2753,49,790,10026,48,Unemployed,Divorced,4,0
9303,57,369,6198,30,Employed,Married,1,0
3973,51,521,15955,29,Self-Employed,Divorced,3,0
6843,59,379,16517,37,Self-Employed,Married,1,1
6142,31,389,13904,52,Unemployed,Single,3,0
9664,34,793,18941,37,Self-Employed,Married,1,0
9156,52,580,6335,16,Self-Employed,Divorced,3,0
4687,21,656,6780,22,Self-Employed,Divorced,1,1
9073,21,745,11724,45,Self-Employed,Single,4,0
2337,56,377,5303,34,Employed,Divorced,1,1
7277,45,824,7567,45,Self-Employed,Single,3,1
5596,32,413,5248,58,Unemployed,Married,1,1
5702,28,431,17600,30,Unemployed,Divorced,1,1
3838,32,415,9181,47,Self-Employed,Single,2,0
4934,44,697,14302,32,Self-Employed,Married,3,0
6384,39,375,5019,17,Self-Employed,Married,1,0
9970,23,317,16947,47,Self-Employed,Single,3,0
2115,30,368,18638,59,Self-Employed,Single,2,0
7719,27,771,18664,25,Employed,Married,3,0
4684,48,603,8579,52,Unemployed,Married,3,1
6505,34,630,9453,51,Unemployed,Single,3,0
5246,28,722,6366,42,Employed,Single,0,0
4546,55,545,7409,23,Employed,Married,1,1
9732,55,732,12957,20,Employed,Married,0,1
6718,37,848,14972,38,Unemployed,Divorced,1,0
7696,43,777,12307,52,Unemployed,Divorced,1,1
5404,32,847,18483,43,Self-Employed,Single,2,0
5958,27,755,9163,38,Employed,Single,0,0
4633,59,308,19048,49,Unemployed,Married,0,1
6242,50,401,10021,31,Unemployed,Married,4,1
4820,39,691,16157,43,Self-Employed,Single,2,1
3799,21,761,14425,18,Self-Employed,Single,1,0
4691,38,382,12493,49,Unemployed,Single,1,0
3072,34,676,8823,23,Employed,Single,4,0
5148,45,829,7523,27,Self-Employed,Married,1,1
8437,57,426,19593,56,Unemployed,Divorced,0,1
6212,28,564,7721,16,Self-Employed,Divorced,4,0
3517,54,347,16688,47,Employed,Single,4,0
3584,46,600,18675,29,Unemployed,Single,1,1
8253,31,375,10223,56,Employed,Divorced,1,1
4002,31,605,7809,37,Self-Employed,Married,4,0
4227,56,350,14899,24,Employed,Married,0,1
4609,32,438,7099,12,Employed,Single,1,1
5143,37,471,8045,44,Self-Employed,Single,1,0
5505,51,402,13658,18,Employed,Divorced,4,0
6078,30,783,15678,47,Unemployed,Single,2,1
7405,30,638,15191,53,Self-Employed,Divorced,0,0
6611,31,618,17028,52,Employed,Married,1,1
2074,49,673,9403,31,Employed,Single,1,1
9764,54,719,7477,47,Self-Employed,Divorced,2,0
8634,30,641,14448,41,Employed,Single,1,1
5393,32,525,8421,54,Unemployed,Single,3,1
8007,59,389,13324,35,Self-Employed,Divorced,4,1
5604,30,758,15936,37,Unemployed,Single,1,1
5280,22,813,11008,32,Unemployed,Divorced,3,1
7162,31,806,5490,56,Unemployed,Single,1,1
7618,47,705,19740,20,Self-Employed,Single,4,1
2028,23,725,5784,50,Self-Employed,Single,3,1
3434,36,313,6077,34,Unemployed,Divorced,3,0
4903,20,622,7005,51,Self-Employed,Single,4,0
5252,33,510,5706,27,Unemployed,Married,2,1
8448,58,512,10524,16,Unemployed,Divorced,2,1
8082,24,612,17269,23,Employed,Married,4,0
3638,23,641,14144,38,Unemployed,Married,1,1
2777,39,337,9504,23,Self-Employed,Divorced,0,1
9426,37,730,12979,38,Unemployed,Divorced,1,0
5444,36,511,13941,24,Unemployed,Married,3,1
9020,27,774,19015,40,Employed,Divorced,0,1
7865,44,690,14231,12,Unemployed,Married,3,1
6953,31,812,8425,17,Unemployed,Single,3,0
7500,42,692,11424,50,Employed,Divorced,4,0
2885,47,679,8416,25,Employed,Divorced,2,0
2612,22,539,7408,34,Self-Employed,Married,2,1
6186,28,725,12771,36,Unemployed,Married,2,0
3092,28,363,12485,38,Unemployed,Married,2,1
2617,45,357,17931,17,Employed,Married,0,0
3546,58,735,15643,30,Self-Employed,Married,2,0
6108,53,665,13844,56,Unemployed,Single,4,1
7736,44,651,9210,58,Unemployed,Divorced,1,0
4273,41,373,8372,40,Employed,Single,3,1
4469,24,819,15058,15,Employed,Single,1,1
6263,51,655,11537,35,Employed,Married,0,1
2928,31,546,15943,21,Unemployed,Married,4,1
3402,57,815,14180,17,Unemployed,Divorced,3,0
5361,27,574,9469,38,Self-Employed,Married,0,0
2922,42,346,14951,45,Employed,Single,4,1
2099,51,661,12853,13,Employed,Divorced,3,1
9385,29,445,15216,44,Employed,Single,2,0
4354,38,411,12303,32,Unemployed,Single,3,1
4392,43,455,14513,59,Self-Employed,Single,0,1
9378,39,354,13814,39,Self-Employed,Single,0,1
7908,45,703,5400,54,Employed,Single,3,1
6830,25,499,10298,24,Unemployed,Single,4,0
9836,45,727,11951,43,Employed,Single,4,0
3608,44,374,15275,57,Employed,Single,2,1
7394,46,675,6898,39,Self-Employed,Divorced,0,0
7529,52,776,19620,15,Self-Employed,Single,2,1
2920,50,511,14845,32,Unemployed,Married,2,0
9719,34,723,14297,22,Employed,Divorced,4,0
5306,27,714,15277,21,Employed,Married,2,1
7755,52,523,17801,17,Unemployed,Single,1,0
2284,21,475,19801,25,Employed,Divorced,2,0
7784,46,404,19622,52,Unemployed,Divorced,2,0
5730,35,669,12202,29,Unemployed,Married,0,0
9875,24,419,18315,57,Unemployed,Divorced,3,1
8316,30,601,7219,37,Self-Employed,Married,2,0
9891,41,483,16609,15,Employed,Divorced,2,1
4349,59,410,6537,12,Self-Employed,Divorced,3,0
4870,50,620,5354,26,Self-Employed,Single,0,1
2000,42,769,12608,26,Unemployed,Single,0,0
4186,20,711,19129,35,Unemployed,Single,1,1
6803,37,305,12271,18,Employed,Single,4,0
8022,32,335,18096,27,Unemployed,Married,0,0
7851,47,495,16346,17,Employed,Divorced,0,0
7987,42,456,13745,12,Employed,Divorced,1,1
4489,51,437,13502,51,Employed,Single,3,1
6038,54,599,12125,19,Employed,Divorced,0,1
4963,54,407,6711,29,Employed,Single,0,1
3186,24,770,14820,44,Unemployed,Single,2,1
4098,56,432,15111,41,Self-Employed,Divorced,4,1
8386,39,616,16049,43,Employed,Single,3,0
